{"cameraMode":{"drawMode":0,"name":"Shaded","section":"Shading Mode"},"sceneLighting":true,"audioPlay":false,"sceneViewState":{"m_AlwaysRefresh":false,"showFog":true,"showSkybox":true,"showFlares":true,"showImageEffects":true,"showParticleSystems":true,"showVisualEffectGraphs":true,"m_FxEnabled":true},"in2DMode":false,"pivot":{"x":498.53936767578127,"y":-21.692279815673829,"z":248.32659912109376},"rotation":{"x":0.2533373534679413,"y":-0.3697357475757599,"z":0.10511798411607743,"w":0.8878463506698608},"size":227.59933471679688,"orthographic":false}